path,primary_category,all_categories,subcategories,destination,score,rationale,hours_spent
/Users/andrewbajorek/Documents/~$2024 - CMU - Faculty Load Report - Bajorek - Spring 2024.xlsx,Unclassified,,,,0.00,No patterns matched,
/Users/andrewbajorek/Documents/Audio Files/Slammed Vocal#01 merged.wav,Unclassified,,,,0.00,No patterns matched,
/Users/andrewbajorek/Documents/OSCAR_Data/Preferences.xml,Unclassified,,,,0.00,No patterns matched,
/Users/andrewbajorek/Documents/concert band/March-of-the-Trolls-Study-Sheet-2g4yrix.pdf,Unclassified,,,,0.00,No patterns matched,
/Users/andrewbajorek/Documents/Syllabus/MUSA 234 - Syllabus - Spring 2023.pdf,Teaching,Teaching,Teaching: Syllabi,Teaching Evidence,1.00,Pattern matches: Teaching: Syllabi. Score: 1.0,
/Users/andrewbajorek/Documents/Syllabus/MUSA 441 - Syllabus - Spring 2024.pdf,Teaching,Teaching,Teaching: Syllabi,Teaching Evidence,1.00,Pattern matches: Teaching: Syllabi. Score: 1.0,
/Users/andrewbajorek/Documents/Syllabus/MUSA 442B - Syllabus - Fall 2023.pdf,Teaching,Teaching,Teaching: Syllabi,Teaching Evidence,1.00,Pattern matches: Teaching: Syllabi. Score: 1.0,
/Users/andrewbajorek/Documents/Syllabus/MUSA 340 - Syllabus - Fall 2024 .pdf,Teaching,Teaching,Teaching: Syllabi,Teaching Evidence,1.00,Pattern matches: Teaching: Syllabi. Score: 1.0,
/Users/andrewbajorek/Documents/Finale Files/2024 - MavSound - Limbo.musx,Unclassified,,,,0.00,No patterns matched,
/Users/andrewbajorek/Documents/Pyware 3D/Snapshots/scheduled auto-snapshot.lzsq060s.lzsq05wv.3dj,Unclassified,,,,0.00,No patterns matched,
/Users/andrewbajorek/Documents/Pyware 3D/Snapshots/scheduled auto-snapshot.m2d5laoa.m2d5lak3.3dj,Unclassified,,,,0.00,No patterns matched,
/Users/andrewbajorek/Documents/Pyware 3D/Snapshots/scheduled auto-snapshot.m4kdltti.m4kdltsd.3dj,Unclassified,,,,0.00,No patterns matched,
/Users/andrewbajorek/Documents/Pyware 3D/Drills/2022 - mavstamp - pregame 3.3dz,Unclassified,,,,0.00,No patterns matched,
/Users/andrewbajorek/Documents/Pyware 3D/Drills/Backups/2022 - mavstamp - pregame.4 13.3dj,Unclassified,,,,0.00,No patterns matched,
/Users/andrewbajorek/Documents/Pyware 3D/Drills/Backups/2022 - mavstamp - pregame.3 3.3dj,Unclassified,,,,0.00,No patterns matched,
/Users/andrewbajorek/Documents/Pyware 3D/Drills/Backups/2022 - mavstamp - pregame.5 3.3dj,Unclassified,,,,0.00,No patterns matched,
/Users/andrewbajorek/Documents/Pyware 3D/Drills/Backups/2022 - mavstamp - pregame.2 3.3dj,Unclassified,,,,0.00,No patterns matched,
/Users/andrewbajorek/Documents/Finale Files/Backups/Rigaudon - Daily Drill - Sharp - Bajorek.musx,Unclassified,,,,0.00,No patterns matched,
/Users/andrewbajorek/Documents/Finale Files/Backups/2024 - MavSound - Forearm Shiver bak.musx,Unclassified,,,,0.00,No patterns matched,
/Users/andrewbajorek/Documents/Finale Files/Backups/Daily Drill - Daily Drill - Sharp - Bajorek bak.musx,Unclassified,,,,0.00,No patterns matched,
/Users/andrewbajorek/Documents/Finale Files/Backups/2024 - MavSound - Limbo bak.musx,Unclassified,,,,0.00,No patterns matched,
/Users/andrewbajorek/Documents/Finale Files/Backups/Untitled.musx,Unclassified,,,,0.00,No patterns matched,
/Users/andrewbajorek/Documents/Finale Files/Backups/2024 - MavSound - Leopolitan bak.musx,Unclassified,,,,0.00,No patterns matched,
/Users/andrewbajorek/Documents/Finale Files/Backups/2024 - CMU - Summon the Heroes Insert bak.musx,Unclassified,,,,0.00,No patterns matched,
/Users/andrewbajorek/Documents/Finale Files/Backups/Shufflin in C bak.musx,Unclassified,,,,0.00,No patterns matched,
/Users/andrewbajorek/Documents/Finale Files/Backups/2023 - MavStamp - Rhapsody on a Theme of Paganini asv.mxl,Unclassified,,,,0.00,No patterns matched,
/Users/andrewbajorek/Documents/Finale Files/Backups/2021 - Maverick Stampede - No Leaf Clover Stands bak.musx,Unclassified,,,,0.00,No patterns matched,
/Users/andrewbajorek/Documents/Finale Files/Backups/Daily Drill - Daily Drill - Sharp - Bajorek.musx,Unclassified,,,,0.00,No patterns matched,
/Users/andrewbajorek/Documents/Finale Files/Backups/2021 - Maverick Stampede - No Leaf Clover Stands.musx,Unclassified,,,,0.00,No patterns matched,
/Users/andrewbajorek/Documents/Finale Files/Backups/Rigaudon - Daily Drill - Sharp - Bajorek bak.musx,Unclassified,,,,0.00,No patterns matched,
/Users/andrewbajorek/Documents/Scores/Backup Scores/2024 - MavStamp - We'll Broadway Your Face Off (Colrado Version) (3)_8.sib,Unclassified,,,,0.00,No patterns matched,
/Users/andrewbajorek/Documents/Scores/Backup Scores/2024 - MavStamp - We'll Broadway Your Face Off (Colrado Version) (3)_11.sib,Unclassified,,,,0.00,No patterns matched,
/Users/andrewbajorek/Documents/Scores/Backup Scores/2024 - MavStamp - Get Blasted With All Things Broadway But Mostly Andrew Lloyd Webber_16.sib,Unclassified,,,,0.00,No patterns matched,
/Users/andrewbajorek/Documents/Scores/Backup Scores/2024 - MavStamp - Get Blasted With All Things Broadway But Mostly Andrew Lloyd Webber_17.sib,Unclassified,,,,0.00,No patterns matched,
/Users/andrewbajorek/Documents/Scores/Backup Scores/2024 - MavStamp - We'll Broadway Your Face Off (Colrado Version) (3)_10.sib,Unclassified,,,,0.00,No patterns matched,
/Users/andrewbajorek/Documents/Scores/Backup Scores/2024 - MavStamp - We'll Broadway Your Face Off (Colrado Version) (3)_9.sib,Unclassified,,,,0.00,No patterns matched,
/Users/andrewbajorek/Documents/Scores/Backup Scores/2024 - MavStamp - We'll Broadway Your Face Off (Colrado Version) (3)_12.sib,Unclassified,,,,0.00,No patterns matched,
/Users/andrewbajorek/Documents/Scores/Backup Scores/2024 - MavStamp - Get Blasted With All Things Broadway But Mostly Andrew Lloyd Webber_15.sib,Unclassified,,,,0.00,No patterns matched,
/Users/andrewbajorek/Documents/Scores/Backup Scores/2024 - MavStamp - Get Blasted With All Things Broadway But Mostly Andrew Lloyd Webber_29.sib,Unclassified,,,,0.00,No patterns matched,
/Users/andrewbajorek/Documents/Scores/Backup Scores/2024 - MavStamp - Get Blasted With All Things Broadway But Mostly Andrew Lloyd Webber_28.sib,Unclassified,,,,0.00,No patterns matched,
/Users/andrewbajorek/Documents/Scores/Backup Scores/2024 - MavStamp - Get Blasted With All Things Broadway But Mostly Andrew Lloyd Webber_14.sib,Unclassified,,,,0.00,No patterns matched,
/Users/andrewbajorek/Documents/Scores/Backup Scores/2024 - MavStamp - We'll Broadway Your Face Off (Colrado Version) (3)_13.sib,Unclassified,,,,0.00,No patterns matched,
/Users/andrewbajorek/Documents/Scores/Backup Scores/2024 - MavStamp - We'll Broadway Your Face Off (Colrado Version) (3)_17.sib,Unclassified,,,,0.00,No patterns matched,
/Users/andrewbajorek/Documents/Scores/Backup Scores/2024 - MavStamp - Get Blasted With All Things Broadway But Mostly Andrew Lloyd Webber_38.sib,Unclassified,,,,0.00,No patterns matched,
/Users/andrewbajorek/Documents/Scores/Backup Scores/2024 - MavStamp - Get Blasted With All Things Broadway But Mostly Andrew Lloyd Webber_10.sib,Unclassified,,,,0.00,No patterns matched,
/Users/andrewbajorek/Documents/Scores/Backup Scores/2024 - MavStamp - Get Blasted With All Things Broadway But Mostly Andrew Lloyd Webber_11.sib,Unclassified,,,,0.00,No patterns matched,
/Users/andrewbajorek/Documents/Scores/Backup Scores/2024 - MavStamp - Get Blasted With All Things Broadway But Mostly Andrew Lloyd Webber_39.sib,Unclassified,,,,0.00,No patterns matched,
/Users/andrewbajorek/Documents/Scores/Backup Scores/2024 - MavStamp - We'll Broadway Your Face Off (Colrado Version) (3)_16.sib,Unclassified,,,,0.00,No patterns matched,
/Users/andrewbajorek/Documents/Scores/Backup Scores/2024 - MavStamp - We'll Broadway Your Face Off (Colrado Version) (3)_14.sib,Unclassified,,,,0.00,No patterns matched,
/Users/andrewbajorek/Documents/Scores/Backup Scores/2024 - MavStamp - We'll Broadway Your Face Off (Colrado Version) (3)_28.sib,Unclassified,,,,0.00,No patterns matched,
/Users/andrewbajorek/Documents/Scores/Backup Scores/2024 - MavStamp - Get Blasted With All Things Broadway But Mostly Andrew Lloyd Webber_13.sib,Unclassified,,,,0.00,No patterns matched,
/Users/andrewbajorek/Documents/Scores/Backup Scores/2024 - MavStamp - Get Blasted With All Things Broadway But Mostly Andrew Lloyd Webber_12.sib,Unclassified,,,,0.00,No patterns matched,
/Users/andrewbajorek/Documents/Scores/Backup Scores/2024 - MavStamp - We'll Broadway Your Face Off (Colrado Version) (3)_29.sib,Unclassified,,,,0.00,No patterns matched,
/Users/andrewbajorek/Documents/Scores/Backup Scores/2024 - MavStamp - We'll Broadway Your Face Off (Colrado Version) (3)_15.sib,Unclassified,,,,0.00,No patterns matched,
/Users/andrewbajorek/Documents/Scores/Backup Scores/2024 - MavStamp - Get Blasted With All Things Broadway But Mostly Andrew Lloyd Webber_2.sib,Unclassified,,,,0.00,No patterns matched,
/Users/andrewbajorek/Documents/Scores/Backup Scores/2024 - MavStamp - Get Blasted With All Things Broadway But Mostly Andrew Lloyd Webber_61.sib,Unclassified,,,,0.00,No patterns matched,
/Users/andrewbajorek/Documents/Scores/Backup Scores/2024 - MavStamp - Get Blasted With All Things Broadway But Mostly Andrew Lloyd Webber_49.sib,Unclassified,,,,0.00,No patterns matched,
/Users/andrewbajorek/Documents/Scores/Backup Scores/2024 - MavStamp - Get Blasted With All Things Broadway But Mostly Andrew Lloyd Webber_48.sib,Unclassified,,,,0.00,No patterns matched,
/Users/andrewbajorek/Documents/Scores/Backup Scores/2024 - MavStamp - Get Blasted With All Things Broadway But Mostly Andrew Lloyd Webber_60.sib,Unclassified,,,,0.00,No patterns matched,
/Users/andrewbajorek/Documents/Scores/Backup Scores/2024 - MavStamp - Get Blasted With All Things Broadway But Mostly Andrew Lloyd Webber_3.sib,Unclassified,,,,0.00,No patterns matched,
/Users/andrewbajorek/Documents/Scores/Backup Scores/2024 - MavStamp - Get Blasted With All Things Broadway But Mostly Andrew Lloyd Webber_1.sib,Unclassified,,,,0.00,No patterns matched,
/Users/andrewbajorek/Documents/Scores/Backup Scores/2024 - MavStamp - Get Blasted With All Things Broadway But Mostly Andrew Lloyd Webber_62.sib,Unclassified,,,,0.00,No patterns matched,
/Users/andrewbajorek/Documents/Scores/Backup Scores/2024 - MavStamp - Get Blasted With All Things Broadway But Mostly Andrew Lloyd Webber_63.sib,Unclassified,,,,0.00,No patterns matched,
/Users/andrewbajorek/Documents/Scores/Backup Scores/2024 - MavStamp - Get Blasted With All Things Broadway But Mostly Andrew Lloyd Webber_4.sib,Unclassified,,,,0.00,No patterns matched,
/Users/andrewbajorek/Documents/Scores/Backup Scores/2024 - MavStamp - Get Blasted With All Things Broadway But Mostly Andrew Lloyd Webber_67.sib,Unclassified,,,,0.00,No patterns matched,
/Users/andrewbajorek/Documents/Scores/Backup Scores/2024 - MavStamp - Get Blasted With All Things Broadway But Mostly Andrew Lloyd Webber_66.sib,Unclassified,,,,0.00,No patterns matched,
/Users/andrewbajorek/Documents/Scores/Backup Scores/2024 - MavStamp - Get Blasted With All Things Broadway But Mostly Andrew Lloyd Webber_5.sib,Unclassified,,,,0.00,No patterns matched,
/Users/andrewbajorek/Documents/Scores/Backup Scores/2024 - MavStamp - Get Blasted With All Things Broadway But Mostly Andrew Lloyd Webber_7.sib,Unclassified,,,,0.00,No patterns matched,
/Users/andrewbajorek/Documents/Scores/Backup Scores/2024 - MavStamp - Get Blasted With All Things Broadway But Mostly Andrew Lloyd Webber_58.sib,Unclassified,,,,0.00,No patterns matched,
/Users/andrewbajorek/Documents/Scores/Backup Scores/2024 - MavStamp - Get Blasted With All Things Broadway But Mostly Andrew Lloyd Webber_64.sib,Unclassified,,,,0.00,No patterns matched,
/Users/andrewbajorek/Documents/Scores/Backup Scores/2024 - MavStamp - Get Blasted With All Things Broadway But Mostly Andrew Lloyd Webber_65.sib,Unclassified,,,,0.00,No patterns matched,
/Users/andrewbajorek/Documents/Scores/Backup Scores/2024 - MavStamp - Get Blasted With All Things Broadway But Mostly Andrew Lloyd Webber_59.sib,Unclassified,,,,0.00,No patterns matched,
/Users/andrewbajorek/Documents/Scores/Backup Scores/2024 - MavStamp - Get Blasted With All Things Broadway But Mostly Andrew Lloyd Webber_6.sib,Unclassified,,,,0.00,No patterns matched,
/Users/andrewbajorek/Documents/Scores/Backup Scores/2024 - MavStamp - Get Blasted With All Things Broadway But Mostly Andrew Lloyd Webber_40.sib,Unclassified,,,,0.00,No patterns matched,
/Users/andrewbajorek/Documents/Scores/Backup Scores/2024 - MavStamp - Get Blasted With All Things Broadway But Mostly Andrew Lloyd Webber_54.sib,Unclassified,,,,0.00,No patterns matched,
/Users/andrewbajorek/Documents/Scores/Backup Scores/2024 - MavStamp - Get Blasted With All Things Broadway But Mostly Andrew Lloyd Webber_68.sib,Unclassified,,,,0.00,No patterns matched,
/Users/andrewbajorek/Documents/Scores/Backup Scores/2024 - MavStamp - Get Blasted With All Things Broadway But Mostly Andrew Lloyd Webber_55.sib,Unclassified,,,,0.00,No patterns matched,
/Users/andrewbajorek/Documents/Scores/Backup Scores/2024 - MavStamp - Get Blasted With All Things Broadway But Mostly Andrew Lloyd Webber_41.sib,Unclassified,,,,0.00,No patterns matched,
/Users/andrewbajorek/Documents/Scores/Backup Scores/2024 - MavStamp - Get Blasted With All Things Broadway But Mostly Andrew Lloyd Webber_8.sib,Unclassified,,,,0.00,No patterns matched,
/Users/andrewbajorek/Documents/Scores/Backup Scores/2024 - MavStamp - Get Blasted With All Things Broadway But Mostly Andrew Lloyd Webber_57.sib,Unclassified,,,,0.00,No patterns matched,
/Users/andrewbajorek/Documents/Scores/Backup Scores/2024 - MavStamp - Get Blasted With All Things Broadway But Mostly Andrew Lloyd Webber_43.sib,Unclassified,,,,0.00,No patterns matched,
/Users/andrewbajorek/Documents/Scores/Backup Scores/2024 - MavStamp - Get Blasted With All Things Broadway But Mostly Andrew Lloyd Webber_42.sib,Unclassified,,,,0.00,No patterns matched,
/Users/andrewbajorek/Documents/Scores/Backup Scores/2024 - MavStamp - Get Blasted With All Things Broadway But Mostly Andrew Lloyd Webber_56.sib,Unclassified,,,,0.00,No patterns matched,
/Users/andrewbajorek/Documents/Scores/Backup Scores/2024 - MavStamp - We'll Broadway Your Face Off (Colrado Version) (5)_1.sib,Unclassified,,,,0.00,No patterns matched,
/Users/andrewbajorek/Documents/Scores/Backup Scores/2024 - MavStamp - Get Blasted With All Things Broadway But Mostly Andrew Lloyd Webber_9.sib,Unclassified,,,,0.00,No patterns matched,
/Users/andrewbajorek/Documents/Scores/Backup Scores/2024 - MavStamp - Get Blasted With All Things Broadway But Mostly Andrew Lloyd Webber_52.sib,Unclassified,,,,0.00,No patterns matched,
/Users/andrewbajorek/Documents/Scores/Backup Scores/2024 - MavStamp - Get Blasted With All Things Broadway But Mostly Andrew Lloyd Webber_46.sib,Unclassified,,,,0.00,No patterns matched,
/Users/andrewbajorek/Documents/Scores/Backup Scores/2024 - MavStamp - Get Blasted With All Things Broadway But Mostly Andrew Lloyd Webber_47.sib,Unclassified,,,,0.00,No patterns matched,
/Users/andrewbajorek/Documents/Scores/Backup Scores/2024 - MavStamp - Get Blasted With All Things Broadway But Mostly Andrew Lloyd Webber_53.sib,Unclassified,,,,0.00,No patterns matched,
/Users/andrewbajorek/Documents/Scores/Backup Scores/2024 - MavStamp - Get Blasted With All Things Broadway But Mostly Andrew Lloyd Webber_45.sib,Unclassified,,,,0.00,No patterns matched,
/Users/andrewbajorek/Documents/Scores/Backup Scores/2024 - MavStamp - Get Blasted With All Things Broadway But Mostly Andrew Lloyd Webber_51.sib,Unclassified,,,,0.00,No patterns matched,
/Users/andrewbajorek/Documents/Scores/Backup Scores/2024 - MavStamp - Get Blasted With All Things Broadway But Mostly Andrew Lloyd Webber_50.sib,Unclassified,,,,0.00,No patterns matched,
/Users/andrewbajorek/Documents/Scores/Backup Scores/2024 - MavStamp - Get Blasted With All Things Broadway But Mostly Andrew Lloyd Webber_44.sib,Unclassified,,,,0.00,No patterns matched,
/Users/andrewbajorek/Documents/Scores/Backup Scores/2024 - MavStamp - We'll Broadway Your Face Off (Colrado Version) (3)_1.sib,Unclassified,,,,0.00,No patterns matched,
/Users/andrewbajorek/Documents/Scores/Backup Scores/2024 - MavStamp - We'll Broadway Your Face Off (Colrado Version) (3)_18.sib,Unclassified,,,,0.00,No patterns matched,
/Users/andrewbajorek/Documents/Scores/Backup Scores/2024 - MavStamp - We'll Broadway Your Face Off (Colrado Version) (3)_24.sib,Unclassified,,,,0.00,No patterns matched,
/Users/andrewbajorek/Documents/Scores/Backup Scores/2024 - MavStamp - We'll Broadway Your Face Off (Colrado Version) (3)_30.sib,Unclassified,,,,0.00,No patterns matched,
/Users/andrewbajorek/Documents/Scores/Backup Scores/2024 - MavStamp - Get Blasted With All Things Broadway But Mostly Andrew Lloyd Webber_23.sib,Unclassified,,,,0.00,No patterns matched,
/Users/andrewbajorek/Documents/Scores/Backup Scores/2024 - MavStamp - Get Blasted With All Things Broadway But Mostly Andrew Lloyd Webber_37.sib,Unclassified,,,,0.00,No patterns matched,
/Users/andrewbajorek/Documents/Scores/Backup Scores/2024 - MavStamp - Get Blasted With All Things Broadway But Mostly Andrew Lloyd Webber_36.sib,Unclassified,,,,0.00,No patterns matched,
/Users/andrewbajorek/Documents/Scores/Backup Scores/2024 - MavStamp - Get Blasted With All Things Broadway But Mostly Andrew Lloyd Webber_22.sib,Unclassified,,,,0.00,No patterns matched,
/Users/andrewbajorek/Documents/Scores/Backup Scores/2024 - MavStamp - We'll Broadway Your Face Off (Colrado Version) (3)_31.sib,Unclassified,,,,0.00,No patterns matched,
/Users/andrewbajorek/Documents/Scores/Backup Scores/2024 - MavStamp - We'll Broadway Your Face Off (Colrado Version) (3)_25.sib,Unclassified,,,,0.00,No patterns matched,
/Users/andrewbajorek/Documents/Scores/Backup Scores/2024 - MavStamp - We'll Broadway Your Face Off (Colrado Version) (3)_19.sib,Unclassified,,,,0.00,No patterns matched,
/Users/andrewbajorek/Documents/Scores/Backup Scores/2024 - MavStamp - We'll Broadway Your Face Off (Colrado Version) (3)_2.sib,Unclassified,,,,0.00,No patterns matched,
/Users/andrewbajorek/Documents/Scores/Backup Scores/2024 - MavStamp - We'll Broadway Your Face Off (Colrado Version) (3)_33.sib,Unclassified,,,,0.00,No patterns matched,
/Users/andrewbajorek/Documents/Scores/Backup Scores/2024 - MavStamp - We'll Broadway Your Face Off (Colrado Version) (3)_27.sib,Unclassified,,,,0.00,No patterns matched,
/Users/andrewbajorek/Documents/Scores/Backup Scores/2024 - MavStamp - Get Blasted With All Things Broadway But Mostly Andrew Lloyd Webber_34.sib,Unclassified,,,,0.00,No patterns matched,
/Users/andrewbajorek/Documents/Scores/Backup Scores/2024 - MavStamp - Get Blasted With All Things Broadway But Mostly Andrew Lloyd Webber_20.sib,Unclassified,,,,0.00,No patterns matched,
/Users/andrewbajorek/Documents/Scores/Backup Scores/2024 - MavStamp - Get Blasted With All Things Broadway But Mostly Andrew Lloyd Webber_21.sib,Unclassified,,,,0.00,No patterns matched,
/Users/andrewbajorek/Documents/Scores/Backup Scores/2024 - MavStamp - Get Blasted With All Things Broadway But Mostly Andrew Lloyd Webber_35.sib,Unclassified,,,,0.00,No patterns matched,
/Users/andrewbajorek/Documents/Scores/Backup Scores/2024 - MavStamp - Get Blasted With All Things Broadway But Mostly Andrew Lloyd Webber_68_1.sib,Unclassified,,,,0.00,No patterns matched,
/Users/andrewbajorek/Documents/Scores/Backup Scores/2024 - MavStamp - We'll Broadway Your Face Off (Colrado Version) (3)_26.sib,Unclassified,,,,0.00,No patterns matched,
/Users/andrewbajorek/Documents/Scores/Backup Scores/2024 - MavStamp - We'll Broadway Your Face Off (Colrado Version) (3)_32.sib,Unclassified,,,,0.00,No patterns matched,
/Users/andrewbajorek/Documents/Scores/Backup Scores/2024 - MavStamp - We'll Broadway Your Face Off (Colrado Version) (3)_3.sib,Unclassified,,,,0.00,No patterns matched,
/Users/andrewbajorek/Documents/Scores/Backup Scores/2024 - MavStamp - We'll Broadway Your Face Off (Colrado Version) (3)_7.sib,Unclassified,,,,0.00,No patterns matched,
/Users/andrewbajorek/Documents/Scores/Backup Scores/2024 - MavStamp - We'll Broadway Your Face Off (Colrado Version) (3)_36.sib,Unclassified,,,,0.00,No patterns matched,
/Users/andrewbajorek/Documents/Scores/Backup Scores/2024 - MavStamp - We'll Broadway Your Face Off (Colrado Version) (3)_22.sib,Unclassified,,,,0.00,No patterns matched,
/Users/andrewbajorek/Documents/Scores/Backup Scores/2024 - MavStamp - Get Blasted With All Things Broadway But Mostly Andrew Lloyd Webber_19.sib,Unclassified,,,,0.00,No patterns matched,
/Users/andrewbajorek/Documents/Scores/Backup Scores/2024 - MavStamp - Get Blasted With All Things Broadway But Mostly Andrew Lloyd Webber_31.sib,Unclassified,,,,0.00,No patterns matched,
/Users/andrewbajorek/Documents/Scores/Backup Scores/2024 - MavStamp - Get Blasted With All Things Broadway But Mostly Andrew Lloyd Webber_25.sib,Unclassified,,,,0.00,No patterns matched,
/Users/andrewbajorek/Documents/Scores/Backup Scores/2024 - MavStamp - Get Blasted With All Things Broadway But Mostly Andrew Lloyd Webber_24.sib,Unclassified,,,,0.00,No patterns matched,
/Users/andrewbajorek/Documents/Scores/Backup Scores/2024 - MavStamp - Get Blasted With All Things Broadway But Mostly Andrew Lloyd Webber_30.sib,Unclassified,,,,0.00,No patterns matched,
/Users/andrewbajorek/Documents/Scores/Backup Scores/2024 - MavStamp - Get Blasted With All Things Broadway But Mostly Andrew Lloyd Webber_18.sib,Unclassified,,,,0.00,No patterns matched,
/Users/andrewbajorek/Documents/Scores/Backup Scores/2024 - MavStamp - We'll Broadway Your Face Off (Colrado Version) (3)_23.sib,Unclassified,,,,0.00,No patterns matched,
/Users/andrewbajorek/Documents/Scores/Backup Scores/2024 - MavStamp - We'll Broadway Your Face Off (Colrado Version) (3)_6.sib,Unclassified,,,,0.00,No patterns matched,
/Users/andrewbajorek/Documents/Scores/Backup Scores/2024 - MavStamp - We'll Broadway Your Face Off (Colrado Version) (3)_4.sib,Unclassified,,,,0.00,No patterns matched,
/Users/andrewbajorek/Documents/Scores/Backup Scores/2024 - MavStamp - We'll Broadway Your Face Off (Colrado Version) (3)_21.sib,Unclassified,,,,0.00,No patterns matched,
/Users/andrewbajorek/Documents/Scores/Backup Scores/2024 - MavStamp - We'll Broadway Your Face Off (Colrado Version) (3)_35.sib,Unclassified,,,,0.00,No patterns matched,
/Users/andrewbajorek/Documents/Scores/Backup Scores/2024 - MavStamp - Get Blasted With All Things Broadway But Mostly Andrew Lloyd Webber_26.sib,Unclassified,,,,0.00,No patterns matched,
/Users/andrewbajorek/Documents/Scores/Backup Scores/2024 - MavStamp - Get Blasted With All Things Broadway But Mostly Andrew Lloyd Webber_32.sib,Unclassified,,,,0.00,No patterns matched,
/Users/andrewbajorek/Documents/Scores/Backup Scores/2024 - MavStamp - We'll Broadway Your Face Off_1.sib,Unclassified,,,,0.00,No patterns matched,
/Users/andrewbajorek/Documents/Scores/Backup Scores/2024 - MavStamp - Get Blasted With All Things Broadway But Mostly Andrew Lloyd Webber_33.sib,Unclassified,,,,0.00,No patterns matched,
/Users/andrewbajorek/Documents/Scores/Backup Scores/2024 - MavStamp - Get Blasted With All Things Broadway But Mostly Andrew Lloyd Webber_27.sib,Unclassified,,,,0.00,No patterns matched,
/Users/andrewbajorek/Documents/Scores/Backup Scores/2024 - MavStamp - We'll Broadway Your Face Off (Colrado Version) (3)_34.sib,Unclassified,,,,0.00,No patterns matched,
/Users/andrewbajorek/Documents/Scores/Backup Scores/2024 - MavStamp - We'll Broadway Your Face Off (Colrado Version) (3)_20.sib,Unclassified,,,,0.00,No patterns matched,
/Users/andrewbajorek/Documents/Scores/Backup Scores/2024 - MavStamp - We'll Broadway Your Face Off (Colrado Version) (3)_5.sib,Unclassified,,,,0.00,No patterns matched,
/Users/andrewbajorek/Documents/Professional/SDOC/~$18 - YPC VIP Reception.docx,Unclassified,,,,0.00,No patterns matched,
/Users/andrewbajorek/Documents/OSCAR_Data/logs/debug.txt,Unclassified,,,,0.00,No patterns matched,
/Users/andrewbajorek/Documents/OSCAR_Data/Profiles/abajorek/Profile.xml,Unclassified,,,,0.00,No patterns matched,
/Users/andrewbajorek/Documents/OSCAR_Data/Profiles/abajorek/machines.xml,Unclassified,,,,0.00,No patterns matched,
/Users/andrewbajorek/Documents/OSCAR_Data/logs/connections/devices.xml,Unclassified,,,,0.00,No patterns matched,
/Users/andrewbajorek/Documents/curseforge/minecraft/Install/java/Jre_21/Contents/Home/conf/security/policy/README.txt,Unclassified,,,,0.00,No patterns matched,
/Users/andrewbajorek/Documents/curseforge/minecraft/Install/java/Jre_21/Contents/Home/legal/jdk.dynalink/dynalink.md,Unclassified,,,,0.00,No patterns matched,
/Users/andrewbajorek/Documents/curseforge/minecraft/Install/java/Jre_21/Contents/Home/legal/java.xml/bcel.md,Unclassified,,,,0.00,No patterns matched,
/Users/andrewbajorek/Documents/curseforge/minecraft/Install/java/Jre_21/Contents/Home/legal/java.xml/xalan.md,Unclassified,,,,0.00,No patterns matched,
/Users/andrewbajorek/Documents/curseforge/minecraft/Install/java/Jre_21/Contents/Home/legal/java.xml/dom.md,Unclassified,,,,0.00,No patterns matched,
/Users/andrewbajorek/Documents/curseforge/minecraft/Install/java/Jre_21/Contents/Home/legal/java.xml/jcup.md,Unclassified,,,,0.00,No patterns matched,
/Users/andrewbajorek/Documents/curseforge/minecraft/Install/java/Jre_21/Contents/Home/legal/java.xml/xerces.md,Unclassified,,,,0.00,No patterns matched,
/Users/andrewbajorek/Documents/curseforge/minecraft/Install/java/Jre_21/Contents/Home/legal/jdk.localedata/cldr.md,Unclassified,,,,0.00,No patterns matched,
/Users/andrewbajorek/Documents/curseforge/minecraft/Install/java/Jre_21/Contents/Home/legal/jdk.localedata/thaidict.md,Unclassified,,,,0.00,No patterns matched,
/Users/andrewbajorek/Documents/curseforge/minecraft/Install/java/Jre_21/Contents/Home/legal/jdk.crypto.cryptoki/pkcs11wrapper.md,Unclassified,,,,0.00,No patterns matched,
/Users/andrewbajorek/Documents/curseforge/minecraft/Install/java/Jre_21/Contents/Home/legal/jdk.crypto.cryptoki/pkcs11cryptotoken.md,Unclassified,,,,0.00,No patterns matched,
/Users/andrewbajorek/Documents/curseforge/minecraft/Install/java/Jre_21/Contents/Home/legal/java.base/siphash.md,Unclassified,,,,0.00,No patterns matched,
/Users/andrewbajorek/Documents/curseforge/minecraft/Install/java/Jre_21/Contents/Home/legal/java.base/asm.md,Unclassified,,,,0.00,No patterns matched,
/Users/andrewbajorek/Documents/curseforge/minecraft/Install/java/Jre_21/Contents/Home/legal/java.base/zlib.md,Unclassified,,,,0.00,No patterns matched,
/Users/andrewbajorek/Documents/curseforge/minecraft/Install/java/Jre_21/Contents/Home/legal/java.base/public_suffix.md,Unclassified,,,,0.00,No patterns matched,
/Users/andrewbajorek/Documents/curseforge/minecraft/Install/java/Jre_21/Contents/Home/legal/java.base/cldr.md,Unclassified,,,,0.00,No patterns matched,
/Users/andrewbajorek/Documents/curseforge/minecraft/Install/java/Jre_21/Contents/Home/legal/java.base/icu.md,Unclassified,,,,0.00,No patterns matched,
/Users/andrewbajorek/Documents/curseforge/minecraft/Install/java/Jre_21/Contents/Home/legal/java.base/unicode.md,Unclassified,,,,0.00,No patterns matched,
/Users/andrewbajorek/Documents/curseforge/minecraft/Install/java/Jre_21/Contents/Home/legal/java.base/c-libutl.md,Unclassified,,,,0.00,No patterns matched,
/Users/andrewbajorek/Documents/curseforge/minecraft/Install/java/Jre_21/Contents/Home/legal/java.base/aes.md,Unclassified,,,,0.00,No patterns matched,
/Users/andrewbajorek/Documents/curseforge/minecraft/Install/java/Jre_21/Contents/Home/legal/java.smartcardio/pcsclite.md,Unclassified,,,,0.00,No patterns matched,
/Users/andrewbajorek/Documents/curseforge/minecraft/Install/java/Jre_21/Contents/Home/legal/java.desktop/freetype.md,Unclassified,,,,0.00,No patterns matched,
/Users/andrewbajorek/Documents/curseforge/minecraft/Install/java/Jre_21/Contents/Home/legal/java.desktop/mesa3d.md,Unclassified,,,,0.00,No patterns matched,
/Users/andrewbajorek/Documents/curseforge/minecraft/Install/java/Jre_21/Contents/Home/legal/java.desktop/colorimaging.md,Unclassified,,,,0.00,No patterns matched,
/Users/andrewbajorek/Documents/curseforge/minecraft/Install/java/Jre_21/Contents/Home/legal/java.desktop/libpng.md,Unclassified,,,,0.00,No patterns matched,
/Users/andrewbajorek/Documents/curseforge/minecraft/Install/java/Jre_21/Contents/Home/legal/java.desktop/xwd.md,Unclassified,,,,0.00,No patterns matched,
/Users/andrewbajorek/Documents/curseforge/minecraft/Install/java/Jre_21/Contents/Home/legal/java.desktop/giflib.md,Unclassified,,,,0.00,No patterns matched,
/Users/andrewbajorek/Documents/curseforge/minecraft/Install/java/Jre_21/Contents/Home/legal/java.desktop/harfbuzz.md,Unclassified,,,,0.00,No patterns matched,
/Users/andrewbajorek/Documents/curseforge/minecraft/Install/java/Jre_21/Contents/Home/legal/java.desktop/jpeg.md,Unclassified,,,,0.00,No patterns matched,
/Users/andrewbajorek/Documents/curseforge/minecraft/Install/java/Jre_21/Contents/Home/legal/java.desktop/pipewire.md,Unclassified,,,,0.00,No patterns matched,
/Users/andrewbajorek/Documents/curseforge/minecraft/Install/java/Jre_21/Contents/Home/legal/java.desktop/lcms.md,Unclassified,,,,0.00,No patterns matched,
/Users/andrewbajorek/Documents/curseforge/minecraft/Install/java/Jre_21/Contents/Home/legal/java.xml.crypto/santuario.md,Unclassified,,,,0.00,No patterns matched,
/Users/andrewbajorek/Desktop/~$hanfoldercovers.docx,Unclassified,,,,0.00,No patterns matched,
/Users/andrewbajorek/Desktop/2022 - CMU - Interview Day/The CCTTLP Podcast - Logic Pro Template.logicx/Media/Audio Files/Host Mic #1#04.aif,Unclassified,,,,0.00,No patterns matched,
/Users/andrewbajorek/Desktop/2022 - CMU - Interview Day/The CCTTLP Podcast - Logic Pro Template.logicx/Media/Audio Files/Host Mic #1#05.aif,Unclassified,,,,0.00,No patterns matched,
/Users/andrewbajorek/Desktop/2022 - CMU - Interview Day/The CCTTLP Podcast - Logic Pro Template.logicx/Media/Audio Files/Host Mic #1#06.aif,Unclassified,,,,0.00,No patterns matched,
/Users/andrewbajorek/Desktop/2022 - CMU - Interview Day/The CCTTLP Podcast - Logic Pro Template.logicx/Media/Audio Files/Host Mic #2#09.aif,Unclassified,,,,0.00,No patterns matched,
/Users/andrewbajorek/Desktop/2022 - CMU - Interview Day/The CCTTLP Podcast - Logic Pro Template.logicx/Media/Audio Files/Host Mic #2#08.aif,Unclassified,,,,0.00,No patterns matched,
/Users/andrewbajorek/Desktop/2022 - CMU - Interview Day/The CCTTLP Podcast - Logic Pro Template.logicx/Media/Audio Files/Host Mic #2#11.aif,Unclassified,,,,0.00,No patterns matched,
/Users/andrewbajorek/Desktop/2022 - CMU - Interview Day/The CCTTLP Podcast - Logic Pro Template.logicx/Media/Audio Files/Host Mic #2#10.aif,Unclassified,,,,0.00,No patterns matched,
/Users/andrewbajorek/Desktop/2022 - CMU - Interview Day/The CCTTLP Podcast - Logic Pro Template.logicx/Media/Audio Files/Host Mic #2#06.aif,Unclassified,,,,0.00,No patterns matched,
/Users/andrewbajorek/Desktop/2022 - CMU - Interview Day/The CCTTLP Podcast - Logic Pro Template.logicx/Media/Audio Files/Host Mic #2#07.aif,Unclassified,,,,0.00,No patterns matched,
/Users/andrewbajorek/Desktop/2022 - CMU - Interview Day/The CCTTLP Podcast Shir - Logic Pro Template.logicx/Media/Audio Files/Host Mic #1#04.aif,Unclassified,,,,0.00,No patterns matched,
/Users/andrewbajorek/Desktop/2022 - CMU - Interview Day/The CCTTLP Podcast Shir - Logic Pro Template.logicx/Media/Audio Files/Host Mic #1#05.aif,Unclassified,,,,0.00,No patterns matched,
/Users/andrewbajorek/Desktop/2022 - CMU - Interview Day/The CCTTLP Podcast Shir - Logic Pro Template.logicx/Media/Audio Files/Host Mic #1#06.aif,Unclassified,,,,0.00,No patterns matched,
/Users/andrewbajorek/Desktop/2022 - CMU - Interview Day/The CCTTLP Podcast Shir - Logic Pro Template.logicx/Media/Audio Files/Host Mic #2#09.aif,Unclassified,,,,0.00,No patterns matched,
/Users/andrewbajorek/Desktop/2022 - CMU - Interview Day/The CCTTLP Podcast Shir - Logic Pro Template.logicx/Media/Audio Files/Host Mic #2#08.aif,Unclassified,,,,0.00,No patterns matched,
/Users/andrewbajorek/Desktop/2022 - CMU - Interview Day/The CCTTLP Podcast Shir - Logic Pro Template.logicx/Media/Audio Files/Host Mic #2#10.aif,Unclassified,,,,0.00,No patterns matched,
/Users/andrewbajorek/Desktop/2022 - CMU - Interview Day/The CCTTLP Podcast Shir - Logic Pro Template.logicx/Media/Audio Files/Host Mic #2#06.aif,Unclassified,,,,0.00,No patterns matched,
/Users/andrewbajorek/Desktop/2022 - CMU - Interview Day/The CCTTLP Podcast Shir - Logic Pro Template.logicx/Media/Audio Files/Host Mic #2#07.aif,Unclassified,,,,0.00,No patterns matched,
/Users/andrewbajorek/Desktop/2022 - CMU - Interview Day/The CCTTLP Podcast Richey- Logic Pro Template.logicx/Media/Audio Files/Host Mic #1#04.aif,Unclassified,,,,0.00,No patterns matched,
/Users/andrewbajorek/Desktop/2022 - CMU - Interview Day/The CCTTLP Podcast Richey- Logic Pro Template.logicx/Media/Audio Files/Host Mic #1#05.aif,Unclassified,,,,0.00,No patterns matched,
/Users/andrewbajorek/Desktop/2022 - CMU - Interview Day/The CCTTLP Podcast Richey- Logic Pro Template.logicx/Media/Audio Files/Host Mic #1#06.aif,Unclassified,,,,0.00,No patterns matched,
/Users/andrewbajorek/Desktop/2022 - CMU - Interview Day/The CCTTLP Podcast Richey- Logic Pro Template.logicx/Media/Audio Files/Host Mic #2#09.aif,Unclassified,,,,0.00,No patterns matched,
/Users/andrewbajorek/Desktop/2022 - CMU - Interview Day/The CCTTLP Podcast Richey- Logic Pro Template.logicx/Media/Audio Files/Host Mic #2#08.aif,Unclassified,,,,0.00,No patterns matched,
/Users/andrewbajorek/Desktop/2022 - CMU - Interview Day/The CCTTLP Podcast Richey- Logic Pro Template.logicx/Media/Audio Files/Host Mic #2#11.aif,Unclassified,,,,0.00,No patterns matched,
/Users/andrewbajorek/Desktop/2022 - CMU - Interview Day/The CCTTLP Podcast Richey- Logic Pro Template.logicx/Media/Audio Files/Host Mic #2#10.aif,Unclassified,,,,0.00,No patterns matched,
/Users/andrewbajorek/Desktop/2022 - CMU - Interview Day/The CCTTLP Podcast Richey- Logic Pro Template.logicx/Media/Audio Files/Host Mic #2#06.aif,Unclassified,,,,0.00,No patterns matched,
/Users/andrewbajorek/Desktop/2022 - CMU - Interview Day/The CCTTLP Podcast Richey- Logic Pro Template.logicx/Media/Audio Files/Host Mic #2#07.aif,Unclassified,,,,0.00,No patterns matched,
/Users/andrewbajorek/Desktop/2022 - CMU - Interview Day/The CCTTLP Podcast Webster- Logic Pro Template.logicx/Media/Audio Files/Host Mic #3#01.aif,Unclassified,,,,0.00,No patterns matched,
/Users/andrewbajorek/Desktop/2022 - CMU - Interview Day/The CCTTLP Podcast Webster- Logic Pro Template.logicx/Media/Audio Files/Host Mic #1#04.aif,Unclassified,,,,0.00,No patterns matched,
/Users/andrewbajorek/Desktop/2022 - CMU - Interview Day/The CCTTLP Podcast Webster- Logic Pro Template.logicx/Media/Audio Files/Host Mic #1#05.aif,Unclassified,,,,0.00,No patterns matched,
/Users/andrewbajorek/Desktop/2022 - CMU - Interview Day/The CCTTLP Podcast Webster- Logic Pro Template.logicx/Media/Audio Files/Host Mic #1#06.aif,Unclassified,,,,0.00,No patterns matched,
/Users/andrewbajorek/Desktop/2022 - CMU - Interview Day/The CCTTLP Podcast Webster- Logic Pro Template.logicx/Media/Audio Files/Host Mic #2#09.aif,Unclassified,,,,0.00,No patterns matched,
/Users/andrewbajorek/Desktop/2022 - CMU - Interview Day/The CCTTLP Podcast Webster- Logic Pro Template.logicx/Media/Audio Files/Host Mic #2#08.aif,Unclassified,,,,0.00,No patterns matched,
/Users/andrewbajorek/Desktop/2022 - CMU - Interview Day/The CCTTLP Podcast Webster- Logic Pro Template.logicx/Media/Audio Files/Host Mic #2#10.aif,Unclassified,,,,0.00,No patterns matched,
/Users/andrewbajorek/Desktop/2022 - CMU - Interview Day/The CCTTLP Podcast Webster- Logic Pro Template.logicx/Media/Audio Files/Host Mic #2#06.aif,Unclassified,,,,0.00,No patterns matched,
/Users/andrewbajorek/Desktop/2022 - CMU - Interview Day/The CCTTLP Podcast Webster- Logic Pro Template.logicx/Media/Audio Files/Host Mic #2#12.aif,Unclassified,,,,0.00,No patterns matched,
/Users/andrewbajorek/Desktop/2022 - CMU - Interview Day/The CCTTLP Podcast Webster- Logic Pro Template.logicx/Media/Audio Files/Host Mic #2#13.aif,Unclassified,,,,0.00,No patterns matched,
/Users/andrewbajorek/Desktop/2022 - CMU - Interview Day/The CCTTLP Podcast Webster- Logic Pro Template.logicx/Media/Audio Files/Host Mic #2#07.aif,Unclassified,,,,0.00,No patterns matched,
/Users/andrewbajorek/Desktop/2022 - CMU - Interview Day/The CCTTLP Podcast Webster- Logic Pro Template.logicx/Alternatives/000/Undo Data.nosync/Trash/Host Mic #2#11.aif,Unclassified,,,,0.00,No patterns matched,
/Users/andrewbajorek/Desktop/2022 - CMU - Interview Day/The CCTTLP Podcast Matthew - Logic Pro Template.logicx/Media/Audio Files/Host Mic #1#04.aif,Unclassified,,,,0.00,No patterns matched,
/Users/andrewbajorek/Desktop/2022 - CMU - Interview Day/The CCTTLP Podcast Matthew - Logic Pro Template.logicx/Media/Audio Files/Host Mic #1#05.aif,Unclassified,,,,0.00,No patterns matched,
/Users/andrewbajorek/Desktop/2022 - CMU - Interview Day/The CCTTLP Podcast Matthew - Logic Pro Template.logicx/Media/Audio Files/Host Mic #1#07.aif,Unclassified,,,,0.00,No patterns matched,
/Users/andrewbajorek/Desktop/2022 - CMU - Interview Day/The CCTTLP Podcast Matthew - Logic Pro Template.logicx/Media/Audio Files/Host Mic #2#09.aif,Unclassified,,,,0.00,No patterns matched,
/Users/andrewbajorek/Desktop/2022 - CMU - Interview Day/The CCTTLP Podcast Matthew - Logic Pro Template.logicx/Media/Audio Files/Host Mic #2#08.aif,Unclassified,,,,0.00,No patterns matched,
/Users/andrewbajorek/Desktop/2022 - CMU - Interview Day/The CCTTLP Podcast Matthew - Logic Pro Template.logicx/Media/Audio Files/Host Mic #2#11.aif,Unclassified,,,,0.00,No patterns matched,
/Users/andrewbajorek/Desktop/2022 - CMU - Interview Day/The CCTTLP Podcast Matthew - Logic Pro Template.logicx/Media/Audio Files/Host Mic #2#10.aif,Unclassified,,,,0.00,No patterns matched,
/Users/andrewbajorek/Desktop/2022 - CMU - Interview Day/The CCTTLP Podcast Matthew - Logic Pro Template.logicx/Media/Audio Files/Host Mic #2#06.aif,Unclassified,,,,0.00,No patterns matched,
/Users/andrewbajorek/Desktop/2022 - CMU - Interview Day/The CCTTLP Podcast Matthew - Logic Pro Template.logicx/Media/Audio Files/Host Mic #2#12.aif,Unclassified,,,,0.00,No patterns matched,
/Users/andrewbajorek/Desktop/2022 - CMU - Interview Day/The CCTTLP Podcast Matthew - Logic Pro Template.logicx/Media/Audio Files/Host Mic #2#07.aif,Unclassified,,,,0.00,No patterns matched,
/Users/andrewbajorek/Desktop/2022 - CMU - Interview Day/The CCTTLP Podcast Matthew - Logic Pro Template.logicx/Media/Audio Files/Host Mic #1#08.aif,Unclassified,,,,0.00,No patterns matched,
/Users/andrewbajorek/Desktop/2022 - CMU - Interview Day/The CCTTLP Podcast Matthew - Logic Pro Template.logicx/Alternatives/000/Undo Data.nosync/Trash/Host Mic #1#06.aif,Unclassified,,,,0.00,No patterns matched,
/Users/andrewbajorek/Desktop/2022 - CMU - Interview Day/The CCTTLP Podcast Miriam- Logic Pro Template.logicx/Media/Audio Files/Host Mic #1#04.aif,Unclassified,,,,0.00,No patterns matched,
/Users/andrewbajorek/Desktop/2022 - CMU - Interview Day/The CCTTLP Podcast Miriam- Logic Pro Template.logicx/Media/Audio Files/Host Mic #1#05.aif,Unclassified,,,,0.00,No patterns matched,
/Users/andrewbajorek/Desktop/2022 - CMU - Interview Day/The CCTTLP Podcast Miriam- Logic Pro Template.logicx/Media/Audio Files/Host Mic #1#07.aif,Unclassified,,,,0.00,No patterns matched,
/Users/andrewbajorek/Desktop/2022 - CMU - Interview Day/The CCTTLP Podcast Miriam- Logic Pro Template.logicx/Media/Audio Files/Host Mic #2#09.aif,Unclassified,,,,0.00,No patterns matched,
/Users/andrewbajorek/Desktop/2022 - CMU - Interview Day/The CCTTLP Podcast Miriam- Logic Pro Template.logicx/Media/Audio Files/Host Mic #2#08.aif,Unclassified,,,,0.00,No patterns matched,
/Users/andrewbajorek/Desktop/2022 - CMU - Interview Day/The CCTTLP Podcast Miriam- Logic Pro Template.logicx/Media/Audio Files/Host Mic #2#11.aif,Unclassified,,,,0.00,No patterns matched,
/Users/andrewbajorek/Desktop/2022 - CMU - Interview Day/The CCTTLP Podcast Miriam- Logic Pro Template.logicx/Media/Audio Files/Host Mic #2#10.aif,Unclassified,,,,0.00,No patterns matched,
/Users/andrewbajorek/Desktop/2022 - CMU - Interview Day/The CCTTLP Podcast Miriam- Logic Pro Template.logicx/Media/Audio Files/Host Mic #2#06.aif,Unclassified,,,,0.00,No patterns matched,
/Users/andrewbajorek/Desktop/2022 - CMU - Interview Day/The CCTTLP Podcast Miriam- Logic Pro Template.logicx/Media/Audio Files/Host Mic #2#07.aif,Unclassified,,,,0.00,No patterns matched,
/Users/andrewbajorek/Desktop/2022 - CMU - Interview Day/The CCTTLP Podcast Miriam- Logic Pro Template.logicx/Alternatives/000/Undo Data.nosync/Trash/Host Mic #1#06.aif,Unclassified,,,,0.00,No patterns matched,
/Users/andrewbajorek/Desktop/2022 - CMU - Interview Day/The CCTTLP Podcast 22 - Logic Pro Template.logicx/Media/Audio Files/Host Mic #1#04.aif,Unclassified,,,,0.00,No patterns matched,
/Users/andrewbajorek/Desktop/2022 - CMU - Interview Day/The CCTTLP Podcast 22 - Logic Pro Template.logicx/Media/Audio Files/Host Mic #1#05.aif,Unclassified,,,,0.00,No patterns matched,
/Users/andrewbajorek/Desktop/2022 - CMU - Interview Day/The CCTTLP Podcast 22 - Logic Pro Template.logicx/Media/Audio Files/Host Mic #2#09.aif,Unclassified,,,,0.00,No patterns matched,
/Users/andrewbajorek/Desktop/2022 - CMU - Interview Day/The CCTTLP Podcast 22 - Logic Pro Template.logicx/Media/Audio Files/Host Mic #2#08.aif,Unclassified,,,,0.00,No patterns matched,
/Users/andrewbajorek/Desktop/2022 - CMU - Interview Day/The CCTTLP Podcast 22 - Logic Pro Template.logicx/Media/Audio Files/Host Mic #2#10.aif,Unclassified,,,,0.00,No patterns matched,
/Users/andrewbajorek/Desktop/2022 - CMU - Interview Day/The CCTTLP Podcast 22 - Logic Pro Template.logicx/Media/Audio Files/Host Mic #2#06.aif,Unclassified,,,,0.00,No patterns matched,
/Users/andrewbajorek/Desktop/2022 - CMU - Interview Day/The CCTTLP Podcast 22 - Logic Pro Template.logicx/Media/Audio Files/Host Mic #2#07.aif,Unclassified,,,,0.00,No patterns matched,
